{"mean":{"confidence_interval":{"confidence_level":0.95,"lower_bound":2214923.4608695647,"upper_bound":2279009.1565217385},"point_estimate":2245641.0869565215,"standard_error":16345.341019823569},"median":{"confidence_interval":{"confidence_level":0.95,"lower_bound":2160534.7826086953,"upper_bound":2226121.7391304346},"point_estimate":2203893.478260869,"standard_error":18855.976675035647},"median_abs_dev":{"confidence_interval":{"confidence_level":0.95,"lower_bound":73340.35304577465,"upper_bound":151299.3273139},"point_estimate":122759.27782058716,"standard_error":22265.443209621815},"slope":null,"std_dev":{"confidence_interval":{"confidence_level":0.95,"lower_bound":125869.71181585097,"upper_bound":199598.56201976477},"point_estimate":164588.4294585625,"standard_error":18912.618561127467}}