{"mean":{"confidence_interval":{"confidence_level":0.95,"lower_bound":0.19134067212186218,"upper_bound":0.23583970219586395},"point_estimate":0.21298300194000253,"standard_error":0.011093815401027092},"median":{"confidence_interval":{"confidence_level":0.95,"lower_bound":0.1553680615419645,"upper_bound":0.20752415640671407},"point_estimate":0.17818185145717047,"standard_error":0.013072106427212819}}